ID,Cluster,MDS_Dim1,MDS_Dim2,Dist,Velo,AM_Freq
0,0,-0.6159280471751811,0.03792795747775716,0.05,10,0
1,1,0.17834689976293183,-0.012311842756379974,0.05,10,100
2,0,-0.3155023217069771,-0.16714207660086533,0.05,1000,0
3,1,0.21949207114698882,-0.06764505035925705,0.05,1000,100
4,0,-0.5129132398040739,-0.09140471133760933,4.0,10,0
5,1,0.3209234206940903,-0.0883839659393013,4.0,10,100
6,1,0.3273575182335923,0.18455255990588101,4.0,1000,0
7,1,0.39822369884862907,0.20440712960977478,4.0,1000,100
